kx,ky,vx,vy
0.90521240234375,0.0,2.2670093774795532,0.0
0.9052124005530828,0.007170753589021864,2.266750268638134,0.02066468447446823
0.9050903035436941,0.014331078681897992,2.2688062638044357,0.0413065031170845
0.9049681177906608,0.021491392079318817,2.2703444734215736,0.061945050954818726
0.9047236673077741,0.028641238134970912,2.274195447564125,0.08257526159286499
0.9044788744854128,0.03579105076369893,2.2775269150733948,0.10319928079843521
0.9041114808866604,0.042930334251609664,2.283163346350193,0.12383006513118744
0.9036875058394789,0.050064737655880126,2.2895650267601013,0.1444670632481575
0.9031900714036709,0.057192785857570656,2.2971096709370613,0.16511840373277664
0.9026374073276101,0.06431603067138703,2.3053627014160156,0.1857829913496971
0.9020687131369988,0.07143785182647441,2.3134104758501053,0.2064441218972206
0.9014026180359616,0.07855115808151476,2.3231054171919823,0.2271416038274765
0.9006596103593614,0.08565765569954945,2.333954729139805,0.24787484854459763
0.8999136322842305,0.092763799678534,2.3442535400390625,0.26859863847494125
0.8990633406480545,0.09986059095836086,2.35628891736269,0.28938520699739456
0.8981665899288762,0.10695307508530355,2.368721142411232,0.3101988434791565
0.8971700298556763,0.11403634627959508,2.3827277049422264,0.3310927636921406
0.8961541421686459,0.12111753632628552,2.396469973027706,0.35199766978621483
0.8951322670025003,0.1281978634098277,2.409635052084923,0.3728938698768616
0.8939805597073593,0.13526578606977507,2.4249557554721832,0.39392422139644623
0.8928214338402974,0.14233247874784322,2.439679928123951,0.41495296359062195
0.8915306613315392,0.14938610241223535,2.4565178342163563,0.4361458979547024
0.8903546853964615,0.15644994750787664,2.470038503408432,0.4571627825498581
0.8889254629981463,0.1634669270623012,2.488289285451174,0.47848550602793694
0.8876057365598167,0.170515190615268,2.5032711923122406,0.4996846094727516
0.8861547370337426,0.17752764342736274,2.5202501974999905,0.5210293978452682
0.8846916803696685,0.1845375519913797,2.536587353795767,0.5423837937414646
0.8832158020286808,0.19154476171717646,2.55228291451931,0.5637432709336281
0.8816057913870113,0.1985144787293074,2.5699124969542027,0.5852946378290653
0.8799811353822622,0.20548066953883182,2.586873561143875,0.6068678610026836
0.8783410069762823,0.21244316660298987,2.6031660474836826,0.6284596510231495
0.8766614555841067,0.2193949546775594,2.619273953139782,0.6501107513904572
0.8748900668918437,0.22632031415985576,2.6362591832876205,0.671928983181715
0.8730773516089548,0.233233808021276,2.6530277393758297,0.6938273757696152
0.8712455274684785,0.24014213243681687,2.6690950095653534,0.7157605439424515
0.8693937014473844,0.2470450687536978,2.6844605058431625,0.737726915627718
0.867520978079503,0.2539423595421641,2.699123650789261,0.7597250267863274
0.8655051613190846,0.26079547910649603,2.715510915964842,0.7820632196962833
0.8635087870336989,0.2676550654709285,2.73031822219491,0.8043464086949825
0.8615254136032355,0.27451955534389066,2.74367393553257,0.8265751376748085
0.8594383154599067,0.2813510474844362,2.7578553780913353,0.8490716069936752
0.8573255866273201,0.2881746086491783,2.771292470395565,0.871625617146492
0.8550805200237652,0.2949542629030792,2.786012064665556,0.8945688754320145
0.8529079041064936,0.30175834745341035,2.7980496175587177,0.9172704145312309
0.8507028026559434,0.30855197920775584,2.8094130903482437,0.9400460943579674
0.8483566279334812,0.31529691984463193,2.8221071921288967,0.9632746614515781
0.8460964211096482,0.3220721895318903,2.8318596109747887,0.9861727729439735
0.843694395689664,0.3287973445551035,2.8428813628852367,1.0095483474433422
0.8412547873754418,0.33550859164121155,2.8532070629298687,1.0330367907881737
0.8388863501990137,0.3422463897296087,2.860862746834755,1.0562035888433456
0.8363767260137835,0.34893177421987465,2.8696617633104324,1.0798819959163666
0.8338329056088333,0.35560408856385123,2.877645932137966,1.103656180202961
0.8312540852157252,0.36226282076779,2.8848128616809845,1.1275269612669945
0.8286394711917933,0.36890744705492245,2.8911602199077606,1.151495061814785
0.825988280909388,0.3755374319378337,2.8966859504580498,1.1755611300468445
0.8232082699165746,0.3821150974290528,2.902932107448578,1.2001629397273064
0.8204817631437713,0.38871399105655485,2.9067889004945755,1.2244382202625275
0.8176840559919649,0.39528292113503444,2.9103544875979424,1.2489755973219872
0.814878580529879,0.4018485667639088,2.9125582724809647,1.2734563052654266
0.8119405283121381,0.4083563689091822,2.9154295548796654,1.2985258623957634
0.809051630413689,0.4148852264437009,2.9159924313426018,1.3232278302311897
0.8060939509587244,0.42138338856841745,2.916154406964779,1.3481791988015175
0.803024298374162,0.4278298101261988,2.916572120040655,1.3736329674720764
0.7999852743361058,0.4342897191514083,2.9149823375046253,1.3987772576510906
0.796926956513799,0.44074066154126956,2.9121815115213394,1.4238751381635666
0.7937147169843739,0.4471172790370929,2.9102266915142536,1.4497364573180676
0.7905536431902794,0.4535181768299888,2.9059644117951393,1.4751131609082222
0.7872410808970103,0.45984303120694625,2.902462601661682,1.501258671283722
0.7839949533166338,0.4662008896284091,2.8964434564113617,1.5267805308103561
0.7805892124942313,0.47247575286855253,2.891267292201519,1.553138516843319
0.7772394341600615,0.4787792821234906,2.8837533071637154,1.5788960829377174
0.7737518612254021,0.4850085212221654,2.8767300695180893,1.6053552031517029
0.7702002344478265,0.49120126321269153,2.869109932333231,1.6320192217826843
0.7666831280647813,0.49741229993967634,2.8594963923096657,1.6581664010882378
0.7630722905673533,0.5035696869676363,2.849719636142254,1.6847037598490715
0.7594386327274812,0.5097131709705883,2.8387826681137085,1.7111019119620323
0.755681295238385,0.5157829459473937,2.828084997832775,1.7381184175610542
0.7519474835398676,0.5218656051300194,2.815601132810116,1.7646122574806213
0.7481336561232006,0.5278987027550545,2.802763946354389,1.7913708165287971
0.7442236444865157,0.5338705101668018,2.7897878624498844,1.8185275681316853
0.7403673199886548,0.5398754290316968,2.7746749967336655,1.8448357060551643
0.7363646936926457,0.5457855119408591,2.76010612398386,1.8719371259212494
0.7323104832106809,0.5516597235565655,2.7448262833058834,1.899039838463068
0.7282044214357811,0.5574973474678759,2.7288514375686646,1.9261312000453472
0.7240463243740545,0.5632975513650009,2.7121987156569958,1.9531976096332073
0.7199083999562291,0.5691109891224466,2.6939558386802673,1.9795585498213768
0.7156330285591795,0.5748259608057787,2.6761674880981445,2.006638325750828
0.7113049593733901,0.5805004737498864,2.657758239656687,2.0336556434631348
0.7069239729546888,0.5861338985992839,2.6387471966445446,2.0605956614017487
0.7025845198839813,0.5917975531680684,2.6179719269275665,2.0865049585700035
0.6981102701186815,0.5973572903699094,2.5976697206497192,2.1130958944559097
0.6935769024890185,0.6028689302936744,2.576906383037567,2.1396177262067795
0.6889833646630107,0.6083304676146261,2.5557164549827576,2.166067950427532
0.6843367975198121,0.6137465956089587,2.5340341925621033,2.192357324063778
0.6796372514034732,0.619116444460466,2.5118830651044846,2.218468338251114
0.6748317036066177,0.6243934827999121,2.4899350441992283,2.2449739761650562
0.6700400785626475,0.6296796309864102,2.4667467288672924,2.2705310732126236
0.6651956995608388,0.6349173154532477,2.4431639797985554,2.295851521193981
0.6602984573357358,0.6401058584787558,2.4192109182476997,2.3209190666675568
0.6553470098052844,0.6452425882623342,2.3949339240789413,2.3457355573773384
0.6502916473471679,0.6502837343907634,2.3709189407527447,2.370880398899317
0.6452285635967864,0.6553111501610934,2.3460972532629967,2.39519876986742
0.6401031397327,0.6602743682012542,2.3211371824145317,2.4193353429436684
0.6349270820584567,0.665185193625007,2.2959106862545013,2.443125508725643
0.6297015016135624,0.6700432894108646,2.2704359889030457,2.466542985290289
0.624427026589425,0.6748486937194693,2.244729980826378,2.4895644076168537
0.6191175180961114,0.6796164215335085,2.2186445593833923,2.511977881193161
0.6137367169926979,0.6843025199159859,2.1926766633987427,2.5342973172664642
0.6083100280145376,0.6889355917194516,2.166525464504957,2.5561499893665314
0.6028383737976019,0.6935156583944655,2.1402078196406364,2.5775116086006165
0.5973226348611026,0.6980427261725181,2.113740913569927,2.598358854651451
0.5917636809282152,0.7025168157861926,2.087141763418913,2.618669055402279
0.5861623791003145,0.7069379708934945,2.0604270808398724,2.638420060276985
0.5805193927559987,0.71130643950734,2.0336120575666428,2.6575907953083515
0.5748357823850344,0.7156221237429655,2.0067138709127903,2.6761598512530327
0.5691122065232529,0.7198853089831693,1.9797469303011894,2.694107376039028
0.5633489617509109,0.7240948665595595,1.952737309038639,2.7114274352788925
0.5575489231366022,0.7282543286418744,1.9256694614887238,2.728060245513916
0.5516468536754809,0.7322653598971952,1.8994153924286366,2.7452778816223145
0.5457804474270416,0.7363307274049649,1.8722123093903065,2.760416802018881
0.5398482207110581,0.7402985004453712,1.845399383455515,2.775454606860876
0.533903940826384,0.7442496876755071,1.8183033168315887,2.789306066930294
0.5278930675099915,0.7480976245696376,1.791652824729681,2.803121142089367
0.521887676325643,0.7519566144452228,1.764533817768097,2.815350115299225
0.5157970576255078,0.7556773845978733,1.738144252449274,2.828013963997364
0.5097220962161533,0.7594259378250373,1.7111956104636192,2.838835895061493
0.5036076926172872,0.7631100040001023,1.6844220906496048,2.8490715101361275
0.49741136226348465,0.7666526923988927,1.6583890840411186,2.8598069474101067
0.49124683089312143,0.7702530141260446,1.6316443905234337,2.8682404309511185
0.4849929937544845,0.7736936505829178,1.6057664416730404,2.8774518109858036
0.4787669940743782,0.7771865667607695,1.579263623803854,2.8844084851443768
0.4724684527531843,0.7805451332965374,1.553440909832716,2.8918036594986916
0.4661826486250186,0.78392918294253,1.527220219373703,2.8973101526498795
0.45988412082713315,0.787291361497627,1.5009451806545258,2.9016057327389717
0.4534996001716989,0.7904849230646928,1.4755552671849728,2.9068990126252174
0.44711560068068434,0.7936794189746614,1.4499650113284588,2.9106638357043266
0.4407232550228686,0.7968583177579288,1.4242998734116554,2.9131399020552635
0.4342984777587887,0.7999710072835158,1.3988750912249088,2.9151070527732372
0.4278589624305934,0.8030541300796925,1.3734775856137276,2.916008085012436
0.4213947601418362,0.8060852921788314,1.3482438772916794,2.9161991253495216
0.4148848989469643,0.8090166890380162,1.323435541242361,2.9164623506367207
0.4083821173768,0.8119644155384524,1.2984174378216267,2.914952978491783
0.4018620486059217,0.8148747483056897,1.2734954208135605,2.912534438073635
0.39529685161463196,0.8176810501267338,1.249011117964983,2.910318963229656
0.38873858518690096,0.8205047365321616,1.2243465334177017,2.9063221216201782
0.3821397501704673,0.8232316061062825,1.2000735811889172,2.9024566374719143
0.37552516168584704,0.8259203673718564,1.1758994683623314,2.8977659977972507
0.3688953785320915,0.8285717784766687,1.1518238931894302,2.892251767218113
0.36227460372417997,0.8312461934577599,1.1275858655571938,2.8848757222294807
0.35561507061453473,0.8338226424138496,1.103725053369999,2.8777533918619156
0.34894179705018286,0.8363636058404658,1.0799622237682343,2.8698232769966125
0.34223601314699453,0.8388190569566375,1.056498907506466,2.8620021790266037
0.3355382341253555,0.8412955087141394,1.0329062789678574,2.852402053773403
0.32879975068189327,0.843660406825421,1.0097034573554993,2.8434383757412434
0.32207676887062514,0.8460680516918812,0.9863039404153824,2.832320526242256
0.3153305793766354,0.8484110117969865,0.9631133526563644,2.821031667292118
0.30855485239873814,0.8506690383943102,0.940189566463232,2.8099894374608994
0.3017917936190832,0.8529632073123182,0.9171206206083298,2.796941116452217
0.2949874102709291,0.8551358307828129,0.8944261744618416,2.7848957926034927
0.2881780254021325,0.8572920362513246,0.8717580586671829,2.771887168288231
0.2813545889765842,0.8594048450774875,0.849200326949358,2.7584559954702854
0.2745231691569505,0.861492027296216,0.8267000503838062,2.7442805096507072
0.2676840982604798,0.8635544941672351,0.8042571693658829,2.729362264275551
0.2608047227224551,0.8654888479822225,0.7821378968656063,2.715790133923292
0.25394639471697766,0.8674877587077365,0.7598395757377148,2.6997481398284435
0.2470591315176072,0.8693926785894618,0.737763237208128,2.684437360614538
0.24015868308570007,0.8712525851472029,0.7157793343067169,2.66890799254179
0.2332527942434783,0.8730926163026953,0.6938300170004368,2.6526718363165855
0.22632480025683166,0.8748570680609252,0.6720301993191242,2.6369060650467873
0.219406412460503,0.8766516176614468,0.6501649990677834,2.6194422096014023
0.21244784165098662,0.8783081153737902,0.628554429858923,2.6038234010338783
0.20548543661329005,0.8799482952488239,0.6069594994187355,2.587535969913006
0.19851933414740366,0.8815730075092418,0.5853831544518471,2.570579692721367
0.1915496749063144,0.8831830834653428,0.5638286173343658,2.5529546588659286
0.18454252596293627,0.8846590246504877,0.5424660891294479,2.537263434380293
0.17753270017788791,0.8861221344305562,0.5211087390780449,2.520930629223585
0.17052032486239443,0.8875731787843767,0.49976105988025665,2.503956001251936
0.1635054612379495,0.8890129242907219,0.47842754423618317,2.4863393157720566
0.15645525081873513,0.8903222108792413,0.45723362267017365,2.4707316383719444
0.14940325475553531,0.8916218458125746,0.43604154139757156,2.454504892230034
0.14233789860741294,0.8927890477879706,0.41501830145716667,2.440380562096834
0.13527125267346451,0.8939482185488236,0.39398685842752457,2.425659853965044
0.12820336262474075,0.8950999723933408,0.37295377999544144,2.410342436283827
0.12112629138484299,0.8961570018409281,0.35201815515756607,2.396394941955805
0.11404432814033474,0.897164376746636,0.3311218209564686,2.3828443810343742
0.10695992539094061,0.8981482910814959,0.31023871898651123,2.3691243827342987
0.09986623220542644,0.89903123049099,0.2894348204135895,2.357007250189781
0.09277196101398066,0.8999099279219137,0.2686251997947693,2.3443294763565063
0.08566640170377257,0.9006625665092328,0.24789690971374512,2.333879731595516
0.07855964567085177,0.9014026089432288,0.22716565430164337,2.3230987191200256
0.07144356134915267,0.9020367800847741,0.2064838856458664,2.314136639237404
0.06432641589481268,0.9026592864426211,0.18579812347888947,2.304854042828083
0.057206636783242136,0.9032520674835111,0.1651216819882393,2.295676112174988
0.05007048381864534,0.9036556993515581,0.1444997489452362,2.290294975042343
0.042938825342189395,0.9041114791552134,0.12385440617799759,2.28315968811512
0.035799540529067635,0.9044788734166626,0.10322365909814835,2.2775238528847694
0.028649728719697343,0.904723666703096,0.08259966969490051,2.2741930037736893
0.02149988339796921,0.9049681174953363,0.06196948140859604,2.270342633128166
0.014339569673736957,0.9050903034300374,0.04133095592260361,2.2688050344586372
0.007179244262100843,0.9052124005288719,0.020689144730567932,2.266749642789364
8.490673078996613e-6,0.9052124023437352,2.4460256099700928e-5,2.2670093774795532
-0.007162262915942822,0.9052124005554536,-0.02064022421836853,2.2667508721351624
-0.01432367832600496,0.9051030696246742,-0.04128333926200867,2.268511265516281
-0.021482900760161298,0.9049681181549625,-0.061920613050460815,2.270346313714981
-0.02863274611781662,0.9047236681462697,-0.08255083858966827,2.2741978839039803
-0.03578255797162089,0.9044788759158799,-0.10317488759756088,2.2775299474596977
-0.04292184189919403,0.904111483134652,-0.12380571663379669,2.2831669971346855
-0.05005898670760623,0.9037193153005599,-0.1444343701004982,2.2888350039720535
-0.05718704618280781,0.9032219229571216,-0.1650833785533905,2.2963806986808777
-0.06430753590309066,0.90263741369181,-0.1857587769627571,2.3053681775927544
-0.0714252182282455,0.9020210609300426,-0.20644335448741913,2.314509689807892
-0.07854267881053423,0.9014026288047151,-0.22711757570505142,2.3231120705604553
-0.08564917395387477,0.9006596239188619,-0.24785089492797852,2.3339619860053062
-0.0927498333283498,0.8998516800753228,-0.2686195746064186,2.345669999718666
-0.09985023092586873,0.8990421357338564,-0.28937850147485733,2.356778122484684
-0.10694459948975105,0.8981666143457596,-0.31017518043518066,2.368730202317238
-0.1140307713842428,0.8972022238626133,-0.33103808760643005,2.382014639675617
-0.12111199103983224,0.896186382047264,-0.3519403785467148,2.3957597464323044
-0.1281904484172111,0.8951438966086892,-0.37285736203193665,2.4093878492712975
-0.13526030821570906,0.894012901351165,-0.3938615620136261,2.4242516309022903
-0.1423270500360538,0.892853826859301,-0.41488760709762573,2.438979111611843
-0.14938068351515973,0.8915631079368337,-0.43607763200998306,2.4558206126093864
-0.15643266622377303,0.8902634005078345,-0.457275565713644,2.4720429815351963
-0.16348286309490867,0.8889540409681129,-0.4784754775464535,2.4876460023224354
-0.17053113122392857,0.8876343389615913,-0.4996715635061264,2.502630054950714
-0.17754367749754202,0.8861833461902832,-0.5210134908556938,2.519611604511738
-0.18455363487442072,0.88472030362898,-0.5423648804426193,2.53595133125782
-0.19153884449133948,0.8831671908451858,-0.5638359896838665,2.5533103346824646
-0.19853073986269526,0.8816344240929127,-0.5852697342634201,2.56928214430809
-0.20549701037287585,0.8800097788700326,-0.6068398356437683,2.5862461254000664
-0.21245959116474342,0.8783696661758464,-0.6284284591674805,2.602541498839855
-0.21938437344537973,0.8765986968382545,-0.6502495035529137,2.620567135512829
-0.22633687795061141,0.8749187582423728,-0.6718911603093147,2.635640785098076
-0.23325049223604472,0.8731060373007304,-0.6937863118946552,2.652412850409746
-0.24015894164476848,0.871274205328885,-0.7157162241637707,2.668483752757311
-0.24706197044937003,0.8694223772180445,-0.7376791909337044,2.6838529258966446
-0.2539483378503472,0.8675143615460715,-0.7597598880529404,2.6992316842079163
-0.2608126080106463,0.8655338206695325,-0.7820086292922497,2.7149109803140163
-0.2676588059463993,0.8634951154125455,-0.804401196539402,2.7305620722472668
-0.27451843957835337,0.8614969254534142,-0.8266723826527596,2.744206205010414
-0.2813476181683884,0.8594030215383522,-0.8491916693747044,2.7585146129131317
-0.28816884399631754,0.8572837627290009,-0.8717691712081432,2.7720711827278137
-0.294981841952438,0.8551382624036644,-0.8944050818681717,2.7848737090826035
-0.3017728797309744,0.8529265031217041,-0.9172268286347389,2.7976638078689575
-0.3085394902854184,0.8506430722430948,-0.9402642920613289,2.8105042949318886
-0.31531512225820113,0.8483851434348656,-0.963191170245409,2.821540929377079
-0.32205744886235893,0.846032016094682,-0.9864218644797802,2.833014354109764
-0.3288157849594153,0.8437228982960747,-1.0094570070505142,2.8423236310482025
-0.3355272696947225,0.8412832509613304,-1.0329417921602726,2.8526536598801613
-0.342230439253757,0.8388217702678689,-1.05647624284029,2.8619842007756233
-0.3489155115874484,0.8363120397061675,-1.0801630951464176,2.8707722648978233
-0.3555875049845464,0.8337681138094195,-1.103945791721344,2.878745425492525
-0.3622459073339892,0.8311891887769698,-1.1278251335024834,2.8859012573957443
-0.3688901947441746,0.8285744709403657,-1.1518018580973148,2.892237462103367
-0.37552027773691055,0.8259242833611669,-1.1758714467287064,2.897733110934496
-0.3821342673740385,0.8232345317330237,-1.2000498250126839,2.902443118393421
-0.3887332919491128,0.8205076049294486,-1.2243233621120453,2.906309798359871
-0.39531599703941706,0.8177418222607968,-1.2486959025263786,2.9093499407172203
-0.4018300276906736,0.8148157577750336,-1.2737923599779606,2.9135387390851974
-0.40837673934214597,0.8119674691225568,-1.2983931079506874,2.9149426855146885
-0.41490637679540593,0.8090795393956868,-1.3230857327580452,2.9154926612973213
-0.4213623589337331,0.8060285772346251,-1.348553478717804,2.917140416800976
-0.4278537157671665,0.8030572460005077,-1.373453103005886,2.9160004183650017
-0.43432133090688785,0.8000338796348244,-1.3985005244612694,2.914170853793621
-0.44071808561291914,0.796861473552341,-1.4242753125727177,2.913134064525366
-0.4471395184390035,0.7937422423905135,-1.4495742246508598,2.9097495302557945
-0.4534944286002473,0.7904881628898732,-1.4755303002893925,2.9068949818611145
-0.45986576008443103,0.7872684040651259,-1.5010885521769524,2.9019942805171013
-0.4661775564162294,0.7839324519470363,-1.5271952971816063,2.8973080404102802
-0.47249452182479257,0.7806078110892677,-1.5530175790190697,2.890932261943817
-0.47876189372940514,0.7771899165541594,-1.579238384962082,2.884408302605152
-0.4850201391619854,0.7737562337914441,-1.6053267940878868,2.8766013830900192
-0.4912417184398261,0.770256444322867,-1.631618894636631,2.8682422414422035
-0.4974062814859478,0.7666561706627065,-1.6583634167909622,2.859809409826994
-0.5035677080879151,0.7630525336948011,-1.6848502531647682,2.8499263375997543
-0.5097172366939906,0.7594294385754186,-1.7111701741814613,2.8388391956686974
-0.5158082091419078,0.7557076467628684,-1.7379117086529732,2.8276507779955864
-0.52184594401036,0.751899736767036,-1.7649858854711056,2.8161794021725655
-0.5279206094629442,0.7481536327582153,-1.7912051901221275,2.8024203404784203
-0.5338990249131256,0.7442536056078773,-1.8182756453752518,2.7893114387989044
-0.5398433222723413,0.7403024397785635,-1.8453718274831772,2.775460984557867
-0.5457526025430651,0.7362999762662654,-1.8724812753498554,2.760883580893278
-0.5516806411044032,0.732327095091065,-1.8988857865333557,2.7445298805832863
-0.5575106378332753,0.7282094496901447,-1.9260757304728031,2.728706084191799
-0.5633448352743498,0.7241000101855979,-1.9527003839612007,2.7114239633083344
-0.5691074852809199,0.7198893543385193,-1.9797201231122017,2.694117933511734
-0.5748310256199478,0.715626329224657,-2.006686206907034,2.676170814782381
-0.5805147022360451,0.7113107194442803,-2.0335841067135334,2.657601974904537
-0.5861624723639713,0.7069485903832896,-2.060337834060192,2.638352330774069
-0.591759101699824,0.7025212150198189,-2.087113570421934,2.6186809465289116
-0.5973180709443249,0.698047140239166,-2.113713074475527,2.5983716994524
-0.6028338244689049,0.6935200868439411,-2.140180367976427,2.57752538099885
-0.6083054925601112,0.6889400341611696,-2.1664984226226807,2.556164678186178
-0.6137322032492328,0.6843069844151672,-2.1926499977707863,2.534312777221203
-0.6191130826777248,0.6796209626890042,-2.2186176478862762,2.5119933411478996
-0.6244473558520316,0.6748819105213418,-2.2443844377994537,2.489230051636696
-0.6297341444536355,0.6700898938089175,-2.2699327543377876,2.4660472571849823
-0.6349714312816608,0.6652439552807984,-2.295257717370987,2.4424840062856674
-0.6400607223384183,0.6602375905737157,-2.321601588279009,2.4198569543659687
-0.6451982400083142,0.655288128536061,-2.3464065976440907,2.3955536857247353
-0.6502699344710146,0.6502739421204607,-2.3710864670574665,2.3711059875786304
-0.655340227970247,0.6452514129280055,-2.3948844820261,2.345762439072132
-0.6602900850009553,0.6401132177711573,-2.4191821962594986,2.3209663555026054
-0.6651873259360733,0.6349248987661669,-2.443135041743517,2.2958993203938007
-0.6700318168276439,0.6296873356241706,-2.4667180106043816,2.2705787494778633
-0.6748235540910532,0.6244013058937453,-2.4899065904319286,2.2450215369462967
-0.679574969248179,0.619078476113877,-2.512520767748356,2.219108011573553
-0.6842742711730658,0.6137093602302341,-2.5346789583563805,2.1929892860352993
-0.6889206059477473,0.6082939617394645,-2.556368499994278,2.1666922383010387
-0.693513923095842,0.6028331501751342,-2.577565848827362,2.140234347432852
-0.6980541951651237,0.5973277942079973,-2.598247993737459,2.1136328987777233
-0.7025414178198537,0.5917787612647845,-2.618392363190651,2.0869049578905106
-0.7069756099244234,0.5861869171478565,-2.637976996600628,2.0600672736763954
-0.7113569514782765,0.5805528933169726,-2.656981498003006,2.0331355035305023
-0.715682758581559,0.5748758991960776,-2.675417333841324,2.006150834262371
-0.7198445646918592,0.5690796761641438,-2.6946602389216423,1.9801269695162773
-0.7240671333110554,0.5633259065995188,-2.711816441267729,1.9529924727976322
-0.728197137698983,0.5575059944323633,-2.728835742920637,1.9261807091534138
-0.7323032539737414,0.551668416861329,-2.7448121197521687,1.8990894965827465
-0.7363575303869335,0.5457942592540287,-2.7600933611392975,1.871986798942089
-0.7403160812201757,0.5398559345674706,-2.7752494290471077,1.8452548123896122
-0.7442777996386559,0.5339181183629081,-2.7889574989676476,1.8180746212601662
-0.7480916043849086,0.5278857731226424,-2.8032300621271133,1.7917030826210976
-0.7519408365944118,0.5218745320722147,-2.8155921921133995,1.764659821987152
-0.7557362192087492,0.5158288243129676,-2.8272313326597214,1.737689420580864
-0.7593741180299788,0.5096883871738225,-2.839579004794359,1.7115896977484226
-0.7630658310214035,0.5035788263505725,-2.8497147001326084,1.6847510747611523
-0.7667151449079098,0.4974431812639743,-2.8589509651064873,1.6579334363341331
-0.770226297739173,0.49122865454714965,-2.86864522844553,1.6318348161876202
-0.7737454859472503,0.4850179186949255,-2.8767300248146057,1.605402871966362
-0.77717472515556,0.4787574914354409,-2.8846026957035065,1.579343717545271
-0.7805829881701346,0.4724851873433146,-2.8912705034017563,1.5531856343150139
-0.7839302364967526,0.46618018967908065,-2.897315051406622,1.527211770415306
-0.7872316014942511,0.45985078027332515,-2.9025199711322784,1.5013270489871502
-0.790496889052592,0.45350248104659985,-2.9067386239767075,1.475478045642376
-0.7936955921205302,0.4471203472929649,-2.9104376435279846,1.4498633220791817
-0.7968790349472114,0.44073005948259036,-2.912840709090233,1.4241729751229286
-0.7999795794462968,0.4342993105745712,-2.91499375551939,1.3988219164311886
-0.8030813569227384,0.4278684734832441,-2.915598973631859,1.3733187690377235
-0.8060558314977906,0.42137821729704383,-2.9166863299906254,1.3484050035476685
-0.8090173050890723,0.4148820506319615,-2.9164710640907288,1.3234286271035671
-0.8119978940179291,0.4083937062315062,-2.9144281074404716,1.298235908150673
-0.8148451866829416,0.4018462134895543,-2.91303651034832,1.2736444845795631
-0.8176787322786193,0.3952928146181779,-2.910374477505684,1.2490187101066113
-0.8204445888750007,0.3887104721319141,-2.907344937324524,1.2246374785900116
-0.8232659421094726,0.3821508230436572,-2.9018925204873085,1.1999052315950394
-0.8259537781207918,0.3755357385278726,-2.8972108066082,1.1757399141788483
-0.828603707244832,0.36890525348022724,-2.8917154259979725,1.1516753882169724
-0.8312165214360812,0.3622599335211749,-2.885408189147711,1.1277108378708363
-0.8337930271236277,0.35560033252755835,-2.8782910481095314,1.1038453206419945
-0.8363340444252892,0.3489269925422228,-2.8703660294413567,1.0800778307020664
-0.8388404063149689,0.3422404436964696,-2.861635386943817,1.056407243013382
-0.8413129577423603,0.3355412041452655,-2.8521013781428337,1.0328324139118195
-0.8436796468320711,0.3288031733596581,-2.8431018702685833,1.0096247047185898
-0.846038409765245,0.3220627714637499,-2.8328830748796463,0.9864046163856983
-0.8484148852428455,0.3153285200402925,-2.8209737464785576,0.9630930200219154
-0.8507029145655174,0.30856318520174864,-2.809365466237068,0.9400683492422104
-0.8529035642841559,0.30176801979191165,-2.798087887465954,0.9173076152801514
-0.8551230370484865,0.29497971283699437,-2.785154093056917,0.8944591097533703
-0.8572623765834054,0.28816475814201215,-2.7724736034870148,0.8718401491641998
-0.8593751808780248,0.28134147750416705,-2.759047042578459,0.8492788784205914
-0.8614623653052752,0.2745102093620145,-2.744875993579626,0.826775074005127
-0.8635248439936083,0.267671286550835,-2.7299619913101196,0.8043286763131618
-0.8655505741212016,0.26082089532696595,-2.7145659253001213,0.7819727584719658
-0.8674581426636079,0.253933830710709,-2.700356036424637,0.7599040828645229
-0.8694520684843151,0.24707416224252687,-2.6832400113344193,0.7376172468066216
-0.8713038721607639,0.24017103560152606,-2.6678670197725296,0.7156577259302139
-0.8731356795082527,0.23326249225046097,-2.6517923399806023,0.6937312111258507
-0.8749483757158707,0.2263487879675347,-2.635016620159149,0.6718393936753273
-0.8766220499271273,0.2193943768607534,-2.620069984346628,0.650212898850441
-0.8783231994662329,0.21244902203622743,-2.603513553738594,0.6285192929208279
-0.8800393454160906,0.2055086963857186,-2.585611015558243,0.6067977920174599
-0.8816064964832272,0.19852577975198984,-2.569871660321951,0.5853218771517277
-0.8831535574626093,0.19153805886622163,-2.553596507757902,0.5638642497360706
-0.8847119289837682,0.1845543389613322,-2.536125920712948,0.5423844903707504
-0.8862128458054918,0.1775550550083027,-2.5189635902643204,0.5209835916757584
-0.8875437281925848,0.17050888954373172,-2.504606503993273,0.49978767707943916
-0.8889834936518294,0.1634941413544738,-2.4869924783706665,0.4784514307975769
-0.8902928159282948,0.1564439375535261,-2.471387133002281,0.4572545252740383
-0.8915924823385541,0.1493919472830904,-2.455162674188614,0.43605951219797134
-0.8927597068127116,0.1423266509229866,-2.441040553152561,0.41503358259797096
-0.8940020735339486,0.1352677815458767,-2.4244790747761726,0.39389796555042267
-0.8950706907597535,0.12819216462050181,-2.4110062420368195,0.3729636147618294
-0.8962156352254026,0.12112313120701002,-2.395094260573387,0.3519331142306328
-0.8972314465832383,0.11404188438563158,-2.3813476487994194,0.331033393740654
-0.8981191019036348,0.10694880694349287,-2.3697926327586174,0.31024080142378807
-0.8990421138455916,0.09985870346105169,-2.356769695878029,0.2894022613763809
-0.8998808031109896,0.09276089401281332,-2.3449997678399086,0.26862237602472305
-0.9006596108777888,0.085657654594154,-2.3339547142386436,0.24787485599517822
-0.9013829890936315,0.07854943921745426,-2.323554426431656,0.2271527275443077
-0.9020210539903857,0.0714337016577526,-2.3145035952329636,0.20646747946739197
-0.9026374089296401,0.0643160235954762,-2.3053626716136932,0.18578296899795532
-0.9032508690859259,0.05719803856678246,-2.2957087010145187,0.16509782522916794
-0.90374332713208,0.05006954612131634,-2.28827628493309,0.14445232599973679
-0.9041114814724234,0.042930331703170524,-2.2831633239984512,0.12383005768060684
-0.9044788747537154,0.035791049104267295,-2.2775269001722336,0.10319927334785461
-0.9047236673781137,0.028641238027962836,-2.274195447564125,0.08257526159286499
-0.904968117773483,0.021491393369981373,-2.2703444808721542,0.06194505840539932
-0.9050903035065135,0.014331079319348855,-2.2688062638044357,0.041306495666503906
-0.9052124005364327,0.0071707535890201445,-2.266750253736973,0.02066468447446823
-0.9052124023437393,-1.443398352229952e-15,-2.2670093774795532,0.0
-0.9052124005364327,-0.007170753589022585,-2.2667502611875534,-0.02066468447446823
-0.9050903035065135,-0.014331079319351741,-2.2688062638044357,-0.0413065031170845
-0.904968117773483,-0.021491393369984256,-2.2703444808721542,-0.061945050954818726
-0.9047236673781137,-0.028641238027965275,-2.274195447564125,-0.08257526904344559
-0.9044788747537154,-0.03579104910427018,-2.2775269001722336,-0.10319927334785461
-0.9041114814724234,-0.042930331703172966,-2.283163331449032,-0.12383005768060684
-0.90374332713208,-0.05006954612131922,-2.28827628493309,-0.14445233345031738
-0.9032508690859254,-0.057198038566784855,-2.2957087084650993,-0.16509783267974854
-0.9026374089296401,-0.06431602359547864,-2.3053626716136932,-0.18578298389911652
-0.9020210539903857,-0.07143370165775552,-2.3145035952329636,-0.20646747946739197
-0.901382989093631,-0.07854943921745669,-2.3235544115304947,-0.2271527200937271
-0.9006596108777888,-0.0856576545941573,-2.3339547142386436,-0.24787485599517822
-0.8998808031109891,-0.09276089401281613,-2.3449997678399086,-0.26862237602472305
-0.8990421138455916,-0.09985870346105458,-2.356769695878029,-0.2894022539258003
-0.8981191019036342,-0.1069488069434957,-2.369792617857456,-0.31024080887436867
-0.8972314465832377,-0.11404188438563442,-2.38134765625,-0.331033393740654
-0.8962156352254019,-0.12112313120701326,-2.3950942531228065,-0.3519331142306328
-0.895070690759753,-0.12819216462050467,-2.4110062420368195,-0.3729636147618294
-0.8940020735339488,-0.13526778154588004,-2.424479067325592,-0.39389796555042267
-0.8927597068127109,-0.14232665092299032,-2.441040564328432,-0.41503358259797096
-0.8915924823385535,-0.14939194728309368,-2.455162674188614,-0.43605951964855194
-0.890292815928294,-0.1564439375535298,-2.471387129276991,-0.457254521548748
-0.8889834936518287,-0.16349414135447707,-2.4869924783706665,-0.4784514382481575
-0.8875437281925841,-0.170508889543735,-2.504606481641531,-0.49978768453001976
-0.8862128458054909,-0.17755505500830682,-2.5189635679125786,-0.5209835842251778
-0.8847119289837666,-0.18455433896133566,-2.5361259132623672,-0.5423844903707504
-0.8831535574626085,-0.19153805886622552,-2.553596507757902,-0.5638642497360706
-0.8816064964832259,-0.19852577975199293,-2.569871671497822,-0.585321880877018
-0.8800393454160901,-0.20550869638572142,-2.5856110230088234,-0.6067977994680405
-0.8783231994662317,-0.2124490220362305,-2.6035135500133038,-0.6285192929208279
-0.8766220499271268,-0.21939437686075575,-2.6200699880719185,-0.6502128951251507
-0.87494837571587,-0.22634878796753757,-2.6350166127085686,-0.6718394011259079
-0.8731356795082522,-0.23326249225046342,-2.651792347431183,-0.6937312185764313
-0.8713038721607632,-0.2401710356015284,-2.667867012321949,-0.7156577259302139
-0.8694520684843146,-0.2470741622425293,-2.6832400038838387,-0.737617239356041
-0.8674581426636074,-0.25393383071071096,-2.7003560289740562,-0.7599040828645229
-0.8655505741212004,-0.2608208953269687,-2.7145659178495407,-0.7819727659225464
-0.8635248439936078,-0.26767128655083733,-2.7299620024859905,-0.8043286688625813
-0.8614623653052744,-0.27451020936201775,-2.7448759973049164,-0.826775074005127
-0.8593751808780238,-0.2813414775041714,-2.759047046303749,-0.8492788784205914
-0.8572623765834044,-0.28816475814201703,-2.7724735997617245,-0.8718401491641998
-0.8551230370484851,-0.2949797128369993,-2.785154089331627,-0.8944591172039509
-0.8529035642841536,-0.30176801979191625,-2.798087891191244,-0.917307622730732
-0.850702914565515,-0.30856318520175413,-2.8093654736876488,-0.9400683641433716
-0.8484148852428438,-0.3153285200402982,-2.820973753929138,-0.9630930125713348
-0.8460384097652436,-0.32206277146375534,-2.832883086055517,-0.986404612660408
-0.8436796468320684,-0.3288031733596639,-2.8431018702685833,-1.00962470844388
-0.8413129577423587,-0.3355412041452712,-2.852101370692253,-1.0328324139118195
-0.8388404063149671,-0.3422404436964753,-2.8616353794932365,-1.056407243013382
-0.8363340444252877,-0.348926992542229,-2.8703660368919373,-1.0800778307020664
-0.833793027123626,-0.35560033252756457,-2.878291044384241,-1.103845328092575
-0.8312165214360792,-0.3622599335211815,-2.8854081965982914,-1.1277108378708363
-0.8286037072448302,-0.36890525348023323,-2.891715444624424,-1.1516753919422626
-0.82595377812079,-0.37553573852787836,-2.897210791707039,-1.1757399216294289
-0.8232659421094708,-0.38215082304366244,-2.901892527937889,-1.1999052315950394
-0.8204445888749983,-0.3887104721319187,-2.9073449186980724,-1.224637482315302
-0.8176787322786169,-0.3952928146181819,-2.9103744700551033,-1.2490187138319016
-0.8148451866829406,-0.401846213489558,-2.9130365028977394,-1.2736444920301437
-0.8119978940179278,-0.40839370623150995,-2.914428099989891,-1.2982359007000923
-0.8090173050890704,-0.41488205063196476,-2.916471056640148,-1.3234286308288574
-0.8060558314977893,-0.4213782172970474,-2.916686322540045,-1.3484050035476685
-0.8030813569227371,-0.4278684734832476,-2.9155989810824394,-1.3733187690377235
-0.7999795794462949,-0.43429931057457416,-2.9149937592446804,-1.3988219201564789
-0.7968790349472101,-0.44073005948259353,-2.912840723991394,-1.424172967672348
-0.7936955921205285,-0.44712034729296735,-2.910437650978565,-1.4498633295297623
-0.7904968890525911,-0.45350248104660223,-2.906738616526127,-1.4754780381917953
-0.7872316014942496,-0.45985078027332715,-2.902519963681698,-1.50132704526186
-0.7839302364967518,-0.4661801896790828,-2.897315066307783,-1.5272117666900158
-0.7805829881701335,-0.4724851873433162,-2.8912705183029175,-1.5531856380403042
-0.7771747251555591,-0.4787574914354431,-2.8846026994287968,-1.579343717545271
-0.773745485947249,-0.48501791869492733,-2.8767300248146057,-1.605402871966362
-0.7702262977391714,-0.4912286545471535,-2.86864522844553,-1.6318348161876202
-0.7667151449079078,-0.4974431812639772,-2.8589509800076485,-1.6579334363341331
-0.763065831021401,-0.5035788263505753,-2.8497147150337696,-1.6847510822117329
-0.7593741180299771,-0.5096883871738265,-2.8395789973437786,-1.7115896977484226
-0.755736219208747,-0.5158288243129723,-2.8272313252091408,-1.7376894280314445
-0.7519408365944078,-0.5218745320722198,-2.815592184662819,-1.764659807085991
-0.7480916043849046,-0.5278857731226475,-2.8032300546765327,-1.7917030863463879
-0.7442777996386527,-0.5339181183629141,-2.788957506418228,-1.8180746287107468
-0.7403160812201727,-0.5398559345674762,-2.7752494141459465,-1.8452548161149025
-0.7363575303869292,-0.545794259254034,-2.7600933611392975,-1.871986798942089
-0.7323032539737367,-0.5516684168613346,-2.7448121272027493,-1.8990894965827465
-0.7281971376989785,-0.5575059944323681,-2.7288357317447662,-1.9261807166039944
-0.7240671333110517,-0.5633259065995259,-2.71181645616889,-1.9529924765229225
-0.7198445646918558,-0.5690796761641503,-2.6946602277457714,-1.9801269695162773
-0.7156827585815548,-0.5748758991960825,-2.6754173263907433,-2.0061508268117905
-0.7113569514782728,-0.5805528933169785,-2.656981498003006,-2.0331354960799217
-0.70697560992442,-0.5861869171478618,-2.6379769816994667,-2.0600672736763954
-0.7025414178198495,-0.5917787612647909,-2.6183923557400703,-2.086904965341091
-0.6980541951651202,-0.5973277942080029,-2.5982479825615883,-2.113632906228304
-0.6935139230958381,-0.6028331501751403,-2.577565860003233,-2.140234339982271
-0.6889206059477434,-0.6082939617394704,-2.5563684962689877,-2.1666922532022
-0.684274271173062,-0.6137093602302395,-2.534678965806961,-2.192989282310009
-0.679574969248175,-0.6190784761138824,-2.5125207640230656,-2.2191080041229725
-0.6748235540910484,-0.6244013058937496,-2.489906594157219,-2.245021529495716
-0.6700318168276389,-0.6296873356241754,-2.4667180106043816,-2.270578745752573
-0.6651873259360682,-0.6349248987661716,-2.443135052919388,-2.2958993315696716
-0.66029008500095,-0.6401132177711619,-2.4191821962594986,-2.3209663555026054
-0.6553402279702416,-0.64525141292801,-2.3948844820261,-2.3457624316215515
-0.6502699344710107,-0.6502739421204656,-2.3710864782333374,-2.371105995029211
-0.645198240008309,-0.6552881285360669,-2.3464065976440907,-2.3955536894500256
-0.6400607223384134,-0.6602375905737213,-2.3216015733778477,-2.4198569543659687
-0.6349714312816546,-0.6652439552808032,-2.2952577248215675,-2.442484013736248
-0.6297341444536295,-0.6700898938089238,-2.269932746887207,-2.466047242283821
-0.6244473558520255,-0.6748819105213483,-2.2443844452500343,-2.4892300590872765
-0.6191130826777189,-0.6796209626890105,-2.2186176478862762,-2.5119933411478996
-0.6137322032492273,-0.6843069844151728,-2.192650005221367,-2.5343127846717834
-0.6083054925601058,-0.6889400341611752,-2.1664984300732613,-2.5561646707355976
-0.6028338244688985,-0.6935200868439471,-2.140180356800556,-2.5775253921747208
-0.5973180709443189,-0.6980471402391716,-2.1137130819261074,-2.59837169572711
-0.5917591016998175,-0.7025212150198248,-2.0871135629713535,-2.618680939078331
-0.5861624723639632,-0.7069485903832947,-2.060337834060192,-2.6383523382246494
-0.580514702236039,-0.7113107194442857,-2.0335841067135334,-2.6576019562780857
-0.5748310256199414,-0.715626329224663,-2.0066862031817436,-2.6761708185076714
-0.5691074852809132,-0.7198893543385253,-1.979720115661621,-2.694117933511734
-0.5633448352743426,-0.7241000101856042,-1.9527003839612007,-2.7114239558577538
-0.557510637833268,-0.7282094496901484,-1.9260757304728031,-2.7287060767412186
-0.5516806411043952,-0.7323270950910693,-1.8988857790827751,-2.7445298805832863
-0.5457526025430576,-0.7362999762662717,-1.8724812716245651,-2.7608835697174072
-0.5398433222723338,-0.7403024397785694,-1.8453718274831772,-2.7754609920084476
-0.5338990249131177,-0.7442536056078836,-1.8182756528258324,-2.7893114238977432
-0.5279206094629361,-0.7481536327582214,-1.7912052050232887,-2.802420362830162
-0.5218459440103513,-0.7518997367670404,-1.7649858854711056,-2.8161794021725655
-0.5158082091418982,-0.7557076467628728,-1.7379117086529732,-2.8276507556438446
-0.5097172366939832,-0.759429438575424,-1.711170181632042,-2.8388391956686974
-0.5035677080879062,-0.7630525336948055,-1.6848502606153488,-2.8499263487756252
-0.49740628148593985,-0.7666561706627124,-1.6583634093403816,-2.859809409826994
-0.49124171843981856,-0.7702564443228724,-1.6316188871860504,-2.868242248892784
-0.4850201391619771,-0.7737562337914476,-1.6053267940878868,-2.876601368188858
-0.47876189372939815,-0.7771899165541644,-1.5792383812367916,-2.884408328682184
-0.47249452182478424,-0.780607811089271,-1.5530175790190697,-2.8909322544932365
-0.4661775564162219,-0.7839324519470414,-1.5271952971816063,-2.8973080292344093
-0.45986576008442304,-0.787268404065129,-1.501088559627533,-2.9019942581653595
-0.45349442860024053,-0.7904881628898779,-1.4755303002893925,-2.906894974410534
-0.44713951843899585,-0.7937422423905163,-1.449574239552021,-2.909749537706375
-0.44071808561291254,-0.7968614735523449,-1.4242753125727177,-2.9131340570747852
-0.43432133090688096,-0.8000338796348271,-1.3985005393624306,-2.914170853793621
-0.4278537157671603,-0.8030572460005112,-1.3734531104564667,-2.9160004183650017
-0.42136235893372753,-0.8060285772346285,-1.3485534712672234,-2.917140420526266
-0.4149063767954004,-0.8090795393956886,-1.3230857327580452,-2.9154926910996437
-0.4083767393421404,-0.81196746912256,-1.298393104225397,-2.914942678064108
-0.4018300276906677,-0.8148157577750355,-1.2737923637032509,-2.913538746535778
-0.3953159970394111,-0.8177418222608002,-1.2486959025263786,-2.909349925816059
-0.38873329194910683,-0.820507604929452,-1.2243233546614647,-2.9063097909092903
-0.3821342673740326,-0.8232345317330267,-1.2000498287379742,-2.9024431332945824
-0.3755202777369045,-0.8259242833611685,-1.175871443003416,-2.8977331072092056
-0.3688901947441687,-0.8285744709403691,-1.1518018543720245,-2.8922374695539474
-0.36224590733398304,-0.8311891887769731,-1.1278251335024834,-2.885901242494583
-0.3555875049845411,-0.8337681138094221,-1.103945791721344,-2.878745436668396
-0.3489155115874434,-0.83631203970617,-1.0801631025969982,-2.8707722574472427
-0.3422304392537518,-0.8388217702678715,-1.0564762502908707,-2.8619842007756233
-0.3355272696947164,-0.8412832509613319,-1.032941795885563,-2.8526536524295807
-0.32881578495940844,-0.8437228982960765,-1.0094569995999336,-2.842323638498783
-0.3220574488623524,-0.8460320160946853,-0.9864218607544899,-2.833014354109764
-0.3153151222581946,-0.8483851434348675,-0.9631911776959896,-2.821540918201208
-0.30853949028541117,-0.8506430722430982,-0.9402642920613289,-2.8105042949318886
-0.3017728797309668,-0.8529265031217058,-0.9172268286347389,-2.797663815319538
-0.29498184195242905,-0.8551382624036686,-0.8944050744175911,-2.7848737090826035
-0.28816884399630804,-0.8572837627290048,-0.8717691712081432,-2.7720711901783943
-0.28134761816838033,-0.8594030215383557,-0.8491916693747044,-2.7585146091878414
-0.27451843957834515,-0.8614969254534176,-0.826672375202179,-2.744206227362156
-0.26765880594638936,-0.8634951154125479,-0.804401196539402,-2.730562061071396
-0.26081260801063666,-0.8655338206695348,-0.7820086255669594,-2.714910976588726
-0.253948337850338,-0.8675143615460754,-0.7597598880529404,-2.699231654405594
-0.2470619704493601,-0.8694223772180467,-0.7376791834831238,-2.6838529109954834
-0.24015894164475998,-0.8712742053288867,-0.7157162316143513,-2.668483752757311
-0.23325049223603672,-0.8731060373007321,-0.6937863230705261,-2.6524128578603268
-0.22633687795060228,-0.8749187582423748,-0.6718911528587341,-2.6356407925486565
-0.21938437344537107,-0.8765986968382582,-0.6502494998276234,-2.620567124336958
-0.21245959116473578,-0.878369666175848,-0.6284284517168999,-2.602541506290436
-0.20549701037286824,-0.8800097788700342,-0.6068398281931877,-2.586246132850647
-0.19853073986268682,-0.8816344240929145,-0.5852697268128395,-2.569282151758671
-0.1915388444913324,-0.8831671908451885,-0.5638359822332859,-2.5533103086054325
-0.18455363487441384,-0.8847203036289812,-0.5423648878931999,-2.535951316356659
-0.17754367749753494,-0.8861833461902844,-0.5210134983062744,-2.5196116119623184
-0.17053113122392216,-0.8876343389615926,-0.4996715635061264,-2.5026300698518753
-0.1634828630949026,-0.8889540409681141,-0.4784754738211632,-2.4876460023224354
-0.15643266622376456,-0.8902634005078359,-0.4572755806148052,-2.472042988985777
-0.14938068351515058,-0.8915631079368355,-0.43607762455940247,-2.4558206163346767
-0.1423270500360451,-0.8928538268593026,-0.41488759219646454,-2.438979111611843
-0.13526030821570034,-0.8940129013511666,-0.3938615843653679,-2.4242516458034515
-0.12819044841720137,-0.8951438966086893,-0.37285735458135605,-2.4093878641724586
-0.12111199103982262,-0.8961863820472659,-0.3519403785467148,-2.395759753882885
-0.11403077138423438,-0.8972022238626148,-0.33103810250759125,-2.3820146322250366
-0.10694459948974298,-0.8981666143457596,-0.31017518043518066,-2.3687302097678185
-0.0998502309258607,-0.8990421357338565,-0.28937848657369614,-2.356778107583523
-0.0927498333283411,-0.8998516800753245,-0.2686195597052574,-2.3456699922680855
-0.08564917395386601,-0.9006596239188619,-0.2478509023785591,-2.3339619860053062
-0.07854267881052521,-0.9014026288047151,-0.22711757570505142,-2.323112078011036
-0.07142521822823714,-0.9020210609300426,-0.20644336193799973,-2.3145096972584724
-0.0643075359030833,-0.90263741369181,-0.1857587844133377,-2.3053681701421738
-0.05718704618279973,-0.903221922957123,-0.1650833785533905,-2.296380691230297
-0.05005898670759895,-0.9037193153005613,-0.1444343701004982,-2.2888349890708923
-0.04292184189918453,-0.904111483134652,-0.12380571663379669,-2.2831669971346855
-0.03578255797161111,-0.9044788759158799,-0.10317489504814148,-2.2775299474596977
-0.028632746117808174,-0.9047236681462697,-0.08255083858966827,-2.2741978839039803
-0.02148290076015437,-0.9049681181549625,-0.061920613050460815,-2.270346313714981
-0.014323678325997981,-0.9051030696246753,-0.04128333926200867,-2.268511265516281
-0.007162262915934645,-0.9052124005554536,-0.020640216767787933,-2.2667508721351624
8.490673087069772e-6,-0.9052124023437352,2.4460256099700928e-5,-2.2670093774795532
0.007179244262109385,-0.9052124005288719,0.020689137279987335,-2.266749642789364
0.01433956967374626,-0.9050903034300374,0.041330963373184204,-2.268805041909218
0.02149988339797643,-0.9049681174953363,0.06196949630975723,-2.270342633128166
0.028649728719702956,-0.904723666703096,0.0825996845960617,-2.27419301122427
0.03579954052907405,-0.9044788734166626,0.10322365909814835,-2.2775238528847694
0.04293882534219451,-0.9041114791552134,0.12385440617799759,-2.2831596806645393
0.05007048381864832,-0.9036556993515575,0.1444997489452362,-2.2902949824929237
0.057206636783245876,-0.9032520674835111,0.1651216819882393,-2.295676112174988
0.0643264158948166,-0.9026592864426204,0.18579812347888947,-2.3048540353775024
0.07144356134915512,-0.9020367800847736,0.206483893096447,-2.3141366317868233
0.07855964567085263,-0.9014026089432285,0.22716565430164337,-2.3230987265706062
0.08566640170377321,-0.9006625665092326,0.24789690971374512,-2.3338797241449356
0.09277196101398091,-0.8999099279219137,0.2686251997947693,-2.3443294763565063
0.0998662322054276,-0.8990312304909898,0.2894348204135895,-2.357007257640362
0.10695992539094432,-0.8981482910814952,0.31023871898651123,-2.36912439763546
0.11404432814033778,-0.897164376746636,0.331121813505888,-2.3828443810343742
0.12112629138484425,-0.8961570018409281,0.35201815515756607,-2.396394941955805
0.12820336262474188,-0.8950999723933404,0.37295377999544144,-2.410342436283827
0.13527125267346635,-0.8939482185488232,0.39398686215281487,-2.425659865140915
0.14233789860741378,-0.8927890477879703,0.41501830145716667,-2.440380573272705
0.1494032547555367,-0.8916218458125745,0.43604154884815216,-2.4545048847794533
0.15645525081873737,-0.8903222108792409,0.45723362267017365,-2.470731645822525
0.16350546123795084,-0.8890129242907217,0.47842755168676376,-2.4863393381237984
0.1705203248623964,-0.887573178784376,0.49976106360554695,-2.503956001251936
0.17753270017789036,-0.8861221344305557,0.5211087353527546,-2.5209306366741657
0.18454252596294,-0.8846590246504871,0.5424660816788673,-2.537263438105583
0.19154967490631825,-0.8831830834653422,0.5638286173343658,-2.55295467376709
0.19851933414740855,-0.8815730075092408,0.5853831544518471,-2.570579692721367
0.20548543661329405,-0.8799482952488233,0.6069594956934452,-2.5875359661877155
0.21244784165098915,-0.8783081153737896,0.6285544224083424,-2.6038234010338783
0.2194064124605057,-0.8766516176614462,0.6501650139689445,-2.6194422096014023
0.22632480025683424,-0.8748570680609244,0.6720301955938339,-2.6369060687720776
0.23325279424347967,-0.8730926163026947,0.6938300095498562,-2.652671817690134
0.2401586830857008,-0.8712525851472027,0.7157793343067169,-2.6689079962670803
0.2470591315176078,-0.8693926785894611,0.7377632409334183,-2.684437371790409
0.2539463947169782,-0.8674877587077364,0.7598395757377148,-2.699748143553734
0.26080472272245586,-0.8654888479822223,0.7821378968656063,-2.715790133923292
0.267684098260481,-0.8635544941672348,0.8042571768164635,-2.7293622717261314
0.274523169156952,-0.8614920272962154,0.8267000541090965,-2.744280505925417
0.28135458897658355,-0.8594048450774876,0.8492003306746483,-2.758455991744995
0.2881780254021325,-0.8572920362513246,0.8717580586671829,-2.771887168288231
0.29498741027093006,-0.8551358307828123,0.8944261744618416,-2.7848957926034927
0.30179179361908376,-0.8529632073123182,0.9171206206083298,-2.7969411090016365
0.30855485239873914,-0.85066903839431,0.9401895627379417,-2.8099894411861897
0.3153305793766374,-0.8484110117969854,0.9631133452057838,-2.8210316598415375
0.3220767688706282,-0.8460680516918804,0.9863039553165436,-2.8323205336928368
0.328799750681896,-0.8436604068254202,1.0097034499049187,-2.8434383645653725
0.33553823412535755,-0.8412955087141383,1.0329062715172768,-2.852402053773403
0.342236013146997,-0.8388190569566359,1.056498907506466,-2.8620021864771843
0.34894179705018474,-0.8363636058404652,1.0799622237682343,-2.869823269546032
0.3556150706145369,-0.8338226424138491,1.1037250459194183,-2.8777533918619156
0.3622746037241825,-0.8312461934577592,1.1275858581066132,-2.8848757445812225
0.3688953785320942,-0.8285717784766671,1.1518238857388496,-2.8922517634928226
0.37552516168584915,-0.8259203673718553,1.1758994720876217,-2.89776599034667
0.38213975017046875,-0.8232316061062818,1.2000735774636269,-2.9024566411972046
0.38873858518690274,-0.8205047365321605,1.2243465259671211,-2.9063221514225006
0.39529685161463385,-0.8176810501267333,1.2490111216902733,-2.910318963229656
0.4018620486059231,-0.8148747483056893,1.273495428264141,-2.9125344157218933
0.4083821173768023,-0.8119644155384511,1.298417430371046,-2.914952978491783
0.41488489894696584,-0.8090166890380156,1.323435541242361,-2.9164623580873013
0.4213947601418361,-0.8060852921788314,1.34824388474226,-2.9161991253495216
0.4278589624305938,-0.8030541300796922,1.3734775856137276,-2.916008085012436
0.4342984777587894,-0.7999710072835156,1.3988750949501991,-2.915107026696205
0.44072325502286835,-0.7968583177579286,1.4242998734116554,-2.9131399020552635
0.4471156006806858,-0.7936794189746609,1.449965015053749,-2.9106638357043266
0.4534996001716994,-0.7904849230646922,1.475555270910263,-2.9068990238010883
0.4598841208271324,-0.7872913614976272,1.5009451881051064,-2.9016057327389717
0.4661826486250194,-0.7839291829425294,1.527220219373703,-2.8973101563751698
0.47246845275318455,-0.7805451332965372,1.5534409061074257,-2.8918036594986916
0.47876699407437734,-0.7771865667607702,1.579263623803854,-2.8844084925949574
0.4849929937544831,-0.7736936505829182,1.6057664416730404,-2.877451818436384
0.4912468308931207,-0.7702530141260454,1.6316443905234337,-2.868240438401699
0.4974113622634838,-0.7666526923988933,1.6583890840411186,-2.859806939959526
0.5036076926172867,-0.7631100040001025,1.6844220981001854,-2.8490714952349663
0.5097220962161538,-0.759425937825037,1.7111956179141998,-2.838835895061493
0.5157970576255088,-0.7556773845978724,1.7381442561745644,-2.828013990074396
0.5218876763256431,-0.7519566144452225,1.7645338103175163,-2.8153501376509666
0.5278930675099929,-0.7480976245696368,1.7916528284549713,-2.803121142089367
0.5339039408263847,-0.7442496876755066,1.8183033093810081,-2.789306066930294
0.5398482207110579,-0.7402985004453712,1.845399383455515,-2.775454606860876
0.5457804474270415,-0.7363307274049649,1.8722123056650162,-2.7604167982935905
0.5516468536754805,-0.7322653598971952,1.8994153961539268,-2.7452778816223145
0.5575489231366034,-0.7282543286418732,1.9256694614887238,-2.728060245513916
0.5633489617509135,-0.724094866559558,1.952737309038639,-2.7114274352788925
0.5691122065232547,-0.7198853089831674,1.97974693775177,-2.6941073834896088
0.5748357823850365,-0.7156221237429635,2.006713882088661,-2.676159832626581
0.5805193927560012,-0.7113064395073375,2.0336120575666428,-2.6575907953083515
0.5861623791003167,-0.7069379708934923,2.060427077114582,-2.6384200491011143
0.5917636809282174,-0.7025168157861907,2.087141774594784,-2.6186690516769886
0.5973226348611045,-0.6980427261725163,2.113740921020508,-2.5983588695526123
0.6028383737976042,-0.6935156583944632,2.1402078196406364,-2.577511604875326
0.6083100280145389,-0.68893559171945,2.1665254570543766,-2.5561499893665314
0.6137367169927,-0.6843025199159838,2.192676678299904,-2.534297302365303
0.6191175180961129,-0.6796164215335067,2.218644566833973,-2.511977881193161
0.624427026589427,-0.6748486937194678,2.2447299659252167,-2.4895644076168537
0.6297015016135655,-0.6700432894108622,2.270435981452465,-2.4665429815649986
0.6349270820584587,-0.6651851936250056,2.2959106750786304,-2.4431254900991917
0.6401031397327029,-0.660274368201252,2.3211371675133705,-2.4193353429436684
0.6452285635967893,-0.655311150161091,2.3460972532629967,-2.39519876986742
0.6502916473471708,-0.6502837343907606,2.370918933302164,-2.3708803951740265
0.6553470098052866,-0.6452425882623309,2.3949339166283607,-2.345735549926758
0.6602984573357386,-0.6401058584787533,2.419210910797119,-2.3209190666675568
0.6651956995608415,-0.6349173154532458,2.4431639797985554,-2.2958515249192715
0.6700400785626489,-0.629679630986409,2.466746721416712,-2.2705310694873333
0.6748317036066199,-0.6243934827999101,2.48993506282568,-2.2449739798903465
0.6796372514034755,-0.6191164444604627,2.5118830800056458,-2.2184683308005333
0.6843367975198137,-0.6137465956089562,2.534034177660942,-2.1923573166131973
0.6889833646630124,-0.6083304676146233,2.555716462433338,-2.166067957878113
0.6935769024890206,-0.6028689302936715,2.5769063904881477,-2.13961773365736
0.6981102701186838,-0.5973572903699075,2.5976697206497192,-2.1130958944559097
0.7025845198839824,-0.5917975531680671,2.6179719418287277,-2.086504951119423
0.7069239729546896,-0.5861338985992827,2.6387471966445446,-2.0605956576764584
0.711304959373391,-0.5805004737498848,2.6577582471072674,-2.033655636012554
0.7156330285591797,-0.5748259608057786,2.6761674992740154,-2.0066383332014084
0.7199083999562289,-0.5691109891224467,2.693955823779106,-1.9795585423707962
0.7240463243740534,-0.5632975513650023,2.7121987156569958,-1.9531976133584976
0.7282044214357798,-0.5574973474678777,2.728851441293955,-1.9261311925947666
0.7323104832106805,-0.5516597235565659,2.744826279580593,-1.8990398347377777
0.7363646936926458,-0.545785511940859,2.7601061016321182,-1.87193713337183
0.7403673199886555,-0.539875429031696,2.774674989283085,-1.8448357060551643
0.7442236444865157,-0.5338705101668021,2.789787854999304,-1.8185275681316853
0.7481336561232004,-0.5278987027550549,2.802763931453228,-1.7913708239793777
0.7519474835398675,-0.5218656051300199,2.8156011179089546,-1.7646122500300407
0.755681295238385,-0.5157829459473944,2.828084997832775,-1.7381184175610542
0.7594386327274808,-0.5097131709705891,2.8387826681137085,-1.7111019119620323
0.7630722905673534,-0.5035696869676363,2.849719651043415,-1.684703752398491
0.7666831280647812,-0.49741229993967656,2.859496407210827,-1.6581664085388184
0.7702002344478273,-0.49120126321269086,2.86910991743207,-1.632019229233265
0.7737518612254031,-0.485008521222164,2.87673007696867,-1.6053552031517029
0.7772394341600627,-0.478779282123488,2.8837533071637154,-1.578896090388298
0.7805892124942323,-0.4724757528685515,2.891267292201519,-1.5531385131180286
0.7839949533166346,-0.4662008896284071,2.8964434564113617,-1.5267805308103561
0.7872410808970106,-0.45984303120694486,2.9024625942111015,-1.501258671283722
0.7905536431902804,-0.4535181768299877,2.9059644117951393,-1.4751131609082222
0.793714716984375,-0.44711727903709003,2.9102267138659954,-1.4497364535927773
0.7969269565138005,-0.440740661541267,2.91218151897192,-1.423875130712986
0.799985274336107,-0.4342897191514065,2.914982359856367,-1.3987772576510906
0.8030242983741627,-0.4278298101261973,2.9165721125900745,-1.3736329711973667
0.8060939509587249,-0.42138338856841634,2.9161544144153595,-1.348179206252098
0.8090516304136893,-0.4148852264436997,2.915992423892021,-1.3232278302311897
0.8119405283121385,-0.40835636890918164,2.915429562330246,-1.2985258623957634
0.8148785805298797,-0.40184856676390834,2.912558265030384,-1.2734563127160072
0.8176840559919646,-0.3952829211350352,2.910354483872652,-1.2489755973219872
0.8204817631437705,-0.38871399105655685,2.9067889004945755,-1.2244382165372372
0.8232082699165744,-0.38211509742905414,2.902932111173868,-1.2001629397273064
0.8259882809093874,-0.3755374319378348,2.8966859504580498,-1.1755611225962639
0.8286394711917928,-0.36890744705492323,2.891160227358341,-1.151495061814785
0.8312540852157245,-0.36226282076779154,2.884812854230404,-1.1275269612669945
0.833832905608832,-0.35560408856385395,2.8776459470391273,-1.103656180202961
0.8363767260137827,-0.3489317742198766,2.8696617484092712,-1.079881988465786
0.8388863501990129,-0.34224638972961,2.8608627542853355,-1.0562035962939262
0.8412547873754419,-0.3355085916412116,2.8532070629298687,-1.0330367907881737
0.8436943956896641,-0.3287973445551024,2.8428813740611076,-1.0095483511686325
0.8460964211096484,-0.32207218953189,2.8318595960736275,-0.9861727803945541
0.8483566279334812,-0.31529691984463243,2.8221071921288967,-0.9632746614515781
0.8507028026559434,-0.3085519792077555,2.8094130903482437,-0.940046101808548
0.8529079041064938,-0.30175834745340946,2.798049610108137,-0.9172704145312309
0.8550805200237654,-0.2949542629030784,2.7860120609402657,-0.8945688754320145
0.8573255866273204,-0.28817460864917727,2.7712924778461456,-0.8716256096959114
0.8594383154599071,-0.28135104748443435,2.757855363190174,-0.8490716069936752
0.861525413603236,-0.2745195553438888,2.74367393553257,-0.8265751376748085
0.8635087870337002,-0.2676550654709263,2.7303182296454906,-0.8043464086949825
0.8655051613190855,-0.2607954791064928,2.7155108898878098,-0.782063215970993
0.8675209780795037,-0.25394235954216116,2.699123650789261,-0.7597250267863274
0.869393701447385,-0.2470450687536956,2.684460498392582,-0.7377269081771374
0.8712455274684792,-0.2401421324368141,2.669095031917095,-0.7157605402171612
0.8730773516089555,-0.23323380802127225,2.653027731925249,-0.6938273794949055
0.8748900668918445,-0.22632031415985243,2.63625917583704,-0.6719289794564247
0.8766614555841081,-0.21939495467755618,2.619273968040943,-0.6501107588410378
0.8783410069762834,-0.2124431666029859,2.6031660474836826,-0.6284596547484398
0.879981135382263,-0.2054806695388277,2.5868735685944557,-0.6068678572773933
0.881605791387012,-0.19851447872930422,2.569912489503622,-0.5852946415543556
0.8832158020286817,-0.19154476171717294,2.5522829219698906,-0.5637432783842087
0.884691680369669,-0.18453755199137656,2.536587353795767,-0.5423837937414646
0.886154737033743,-0.17752764342735966,2.5202502012252808,-0.521029394119978
0.8876057365598176,-0.17051519061526502,2.5032711923122406,-0.4996846169233322
0.8889254629981468,-0.1634669270622984,2.488289285451174,-0.47848550602793694
0.8903546853964618,-0.15644994750787453,2.4700384959578514,-0.4571627825498581
0.8915306613315394,-0.14938610241223443,2.4565178342163563,-0.4361458905041218
0.8928214338402974,-0.1423324787478434,2.4396799206733704,-0.41495296359062195
0.893980559707359,-0.1352657860697769,2.424955762922764,-0.39392422139644623
0.8951322670025001,-0.1281978634098286,2.4096350744366646,-0.3728938698768616
0.8961541421686458,-0.12111753632628597,2.396469984203577,-0.35199766978621483
0.8971700298556761,-0.11403634627959666,2.382727712392807,-0.3310927636921406
0.8981665899288762,-0.10695307508530681,2.3687211498618126,-0.3101988583803177
0.8990633406480539,-0.09986059095836415,2.356288902461529,-0.28938520699739456
0.8999136322842305,-0.09276379967853748,2.344253532588482,-0.26859863847494125
0.9006596103593614,-0.08565765569955394,2.3339547216892242,-0.24787485599517822
0.9014026180359616,-0.07855115808151852,2.3231054171919823,-0.2271416038274765
0.9020687131369982,-0.07143785182647777,2.3134104683995247,-0.2064441293478012
0.9026374073276101,-0.06431603067139183,2.3053627014160156,-0.1857829913496971
0.9031900714036704,-0.05719278585757437,2.2971096634864807,-0.16511840373277664
0.9036875058394785,-0.05006473765588273,2.2895650416612625,-0.1444670557975769
0.9041114808866603,-0.042930334251612245,2.2831633388996124,-0.12383007258176804
0.9044788744854128,-0.035791050763702106,2.2775269150733948,-0.10319928079843521
0.9047236673077741,-0.028641238134972897,2.274195447564125,-0.0825752541422844
0.9049681177906608,-0.021491392079318525,2.2703444808721542,-0.061945050954818726
0.9050903035436941,-0.01433107868189768,2.2688062638044357,-0.0413065031170845
0.9052124005530828,-0.007170753589022065,2.266750268638134,-0.02066468447446823
